timestamp,open,high,low,close
2021-01-01 00:00:00+00:00,110.09142,110.33522,109.84761,110.09142
2021-01-04 00:00:00+00:00,110.09142,110.47461,109.75226,110.11344
2021-01-05 00:00:00+00:00,110.11344,111.03883,110.11344,110.67173
2021-01-06 00:00:00+00:00,110.67173,111.46566,110.67173,111.28533
2021-01-07 00:00:00+00:00,111.28533,111.45353,110.60424,111.02888
2021-01-08 00:00:00+00:00,111.02888,111.11480,110.81255,110.96367
2021-01-11 00:00:00+00:00,110.96367,111.73382,110.91261,111.32321
2021-01-12 00:00:00+00:00,111.32321,111.68959,111.32321,111.54445
2021-01-13 00:00:00+00:00,111.54445,112.05023,111.54445,111.84962
2021-01-14 00:00:00+00:00,111.84962,112.29328,111.50118,111.89723
2021-01-15 00:00:00+00:00,111.89723,112.63012,111.89723,112.45711
2021-01-18 00:00:00+00:00,112.45711,113.23143,112.45711,112.97828
2021-01-19 00:00:00+00:00,112.97828,113.54312,112.97828,113.27696
2021-01-20 00:00:00+00:00,113.27696,114.08202,113.27696,113.88435
2021-01-21 00:00:00+00:00,113.88435,114.64125,113.88435,114.28346
2021-01-22 00:00:00+00:00,114.28346,114.67966,113.86740,114.27353
2021-01-25 00:00:00+00:00,114.27353,115.03574,114.20503,114.62038
2021-01-26 00:00:00+00:00,114.62038,114.78790,114.32555,114.55673
2021-01-27 00:00:00+00:00,114.55673,115.32971,114.55673,115.03149
2021-01-28 00:00:00+00:00,115.03149,115.41551,115.01336,115.21443
2021-01-29 00:00:00+00:00,115.21443,115.54315,115.14305,115.34310
2021-02-01 00:00:00+00:00,115.34310,115.47980,115.13762,115.30871
2021-02-02 00:00:00+00:00,115.30871,116.27318,115.30871,115.83071
2021-02-03 00:00:00+00:00,115.83071,116.34930,115.49981,115.92456
2021-02-04 00:00:00+00:00,115.92456,116.30717,115.53466,115.92091
2021-02-05 00:00:00+00:00,115.92091,116.22044,115.62854,115.92449
2021-02-08 00:00:00+00:00,115.92449,116.46468,115.89034,116.17751
2021-02-09 00:00:00+00:00,116.17751,116.66569,116.06310,116.36439
2021-02-10 00:00:00+00:00,116.36439,116.85337,116.24505,116.54921
2021-02-11 00:00:00+00:00,116.54921,116.99200,116.45421,116.72310
2021-02-12 00:00:00+00:00,116.72310,117.55762,116.72310,117.39382
2021-02-15 00:00:00+00:00,117.39382,117.44517,117.12218,117.28367
2021-02-16 00:00:00+00:00,117.28367,117.57708,116.67363,117.12536
2021-02-17 00:00:00+00:00,117.12536,117.14607,116.57437,116.86022
2021-02-18 00:00:00+00:00,116.86022,117.45938,116.55617,117.00777
2021-02-19 00:00:00+00:00,117.00777,117.46799,117.00777,117.29313
2021-02-22 00:00:00+00:00,117.29313,117.50184,116.87763,117.18973
2021-02-23 00:00:00+00:00,117.18973,117.18973,116.66316,116.85283
2021-02-24 00:00:00+00:00,116.85283,116.85283,116.30028,116.50527
2021-02-25 00:00:00+00:00,116.50527,116.71232,116.45812,116.58522
2021-02-26 00:00:00+00:00,116.58522,116.83662,116.51999,116.67831
2021-03-01 00:00:00+00:00,116.67831,117.13480,116.25945,116.69713
2021-03-02 00:00:00+00:00,116.69713,116.69713,116.11099,116.33955
2021-03-03 00:00:00+00:00,116.33955,116.56627,115.90967,116.23797
2021-03-04 00:00:00+00:00,116.23797,116.36701,115.81093,116.08897
2021-03-05 00:00:00+00:00,116.08897,116.21362,115.70309,115.95835
2021-03-08 00:00:00+00:00,115.95835,116.31305,115.71080,116.01192
2021-03-09 00:00:00+00:00,116.01192,116.04108,115.67920,115.86014
2021-03-10 00:00:00+00:00,115.86014,116.29398,115.37523,115.83460
2021-03-11 00:00:00+00:00,115.83460,116.01544,115.21656,115.61600
2021-03-12 00:00:00+00:00,115.61600,115.82723,115.08258,115.45490
2021-03-15 00:00:00+00:00,115.45490,115.66589,115.11057,115.38823
2021-03-16 00:00:00+00:00,115.38823,115.38823,114.52027,114.68756
2021-03-17 00:00:00+00:00,114.68756,114.75152,113.89137,114.32145
2021-03-18 00:00:00+00:00,114.32145,114.32145,113.67367,113.90423
2021-03-19 00:00:00+00:00,113.90423,113.90423,113.30090,113.43138
2021-03-22 00:00:00+00:00,113.43138,113.43138,112.83419,113.06339
2021-03-23 00:00:00+00:00,113.06339,113.60609,112.83994,113.22301
2021-03-24 00:00:00+00:00,113.22301,113.22301,112.34867,112.67183
2021-03-25 00:00:00+00:00,112.67183,113.03561,112.30270,112.66915
2021-03-26 00:00:00+00:00,112.66915,112.66915,111.49205,111.87028
2021-03-29 00:00:00+00:00,111.87028,111.87028,111.29344,111.47580
2021-03-30 00:00:00+00:00,111.47580,111.65096,110.81197,111.23147
2021-03-31 00:00:00+00:00,111.23147,111.37302,110.85878,111.11590
2021-04-01 00:00:00+00:00,111.11590,111.36431,110.71649,111.04040
2021-04-02 00:00:00+00:00,111.04040,111.10472,110.88120,110.99296
2021-04-05 00:00:00+00:00,110.99296,111.04739,110.16693,110.60716
2021-04-06 00:00:00+00:00,110.60716,110.60716,109.98930,110.19235
2021-04-07 00:00:00+00:00,110.19235,110.31022,110.04883,110.17953
2021-04-08 00:00:00+00:00,110.17953,110.17953,109.59772,109.85861
2021-04-09 00:00:00+00:00,109.85861,109.85861,109.06835,109.21985
2021-04-12 00:00:00+00:00,109.21985,109.21985,108.47375,108.63203
2021-04-13 00:00:00+00:00,108.63203,108.63203,107.80412,108.11732
2021-04-14 00:00:00+00:00,108.11732,108.27264,107.80186,108.03725
2021-04-15 00:00:00+00:00,108.03725,108.26728,107.45496,107.86112
2021-04-16 00:00:00+00:00,107.86112,108.07154,107.64927,107.86041
2021-04-19 00:00:00+00:00,107.86041,107.87781,107.19420,107.53600
2021-04-20 00:00:00+00:00,107.53600,107.65552,107.14359,107.39956
2021-04-21 00:00:00+00:00,107.39956,107.73609,107.09593,107.41601
2021-04-22 00:00:00+00:00,107.41601,107.46525,106.86532,107.16528
2021-04-23 00:00:00+00:00,107.16528,107.41733,106.89904,107.15819
2021-04-26 00:00:00+00:00,107.15819,107.24104,106.41841,106.82972
2021-04-27 00:00:00+00:00,106.82972,106.82972,106.38936,106.60557
2021-04-28 00:00:00+00:00,106.60557,106.60557,106.22788,106.39084
2021-04-29 00:00:00+00:00,106.39084,106.39084,105.62576,105.94723
2021-04-30 00:00:00+00:00,105.94723,106.39923,105.64899,106.02411
2021-05-03 00:00:00+00:00,106.02411,106.02411,105.71135,105.82996
2021-05-04 00:00:00+00:00,105.82996,106.04497,105.54796,105.79646
2021-05-05 00:00:00+00:00,105.79646,106.30920,105.53017,105.91969
2021-05-06 00:00:00+00:00,105.91969,106.39354,105.70446,106.04900
2021-05-07 00:00:00+00:00,106.04900,106.68282,105.83796,106.26039
2021-05-10 00:00:00+00:00,106.26039,106.53473,105.98341,106.25907
2021-05-11 00:00:00+00:00,106.25907,106.49313,105.86032,106.17673
2021-05-12 00:00:00+00:00,106.17673,106.41641,106.01121,106.21381
2021-05-13 00:00:00+00:00,106.21381,106.21381,105.37837,105.78486
2021-05-14 00:00:00+00:00,105.78486,105.78486,105.22272,105.44405
2021-05-17 00:00:00+00:00,105.44405,105.49459,104.81832,105.15646
2021-05-18 00:00:00+00:00,105.15646,105.21409,104.75019,104.98214
2021-05-19 00:00:00+00:00,104.98214,105.52491,104.95966,105.24228
2021-05-20 00:00:00+00:00,105.24228,105.45800,104.79374,105.12587
2021-05-21 00:00:00+00:00,105.12587,105.44809,104.91654,105.18231
2021-05-24 00:00:00+00:00,105.18231,106.14975,105.18231,105.75621
2021-05-25 00:00:00+00:00,105.75621,106.08624,105.60826,105.84725
2021-05-26 00:00:00+00:00,105.84725,106.59232,105.84725,106.27973
2021-05-27 00:00:00+00:00,106.27973,106.43898,106.00833,106.22365
2021-05-28 00:00:00+00:00,106.22365,106.63493,106.16157,106.39825
2021-05-31 00:00:00+00:00,106.39825,106.60787,106.11433,106.36110
2021-06-01 00:00:00+00:00,106.36110,106.66497,106.36110,106.51825
2021-06-02 00:00:00+00:00,106.51825,107.17605,106.51825,107.03955
2021-06-03 00:00:00+00:00,107.03955,107.12090,106.47957,106.80024
2021-06-04 00:00:00+00:00,106.80024,107.53647,106.80024,107.21840
2021-06-07 00:00:00+00:00,107.21840,107.90732,107.21840,107.58577
2021-06-08 00:00:00+00:00,107.58577,107.82515,107.58577,107.71105
2021-06-09 00:00:00+00:00,107.71105,107.80043,107.37446,107.58745
2021-06-10 00:00:00+00:00,107.58745,108.09716,107.58745,107.92519
2021-06-11 00:00:00+00:00,107.92519,108.44795,107.72712,108.08753
2021-06-14 00:00:00+00:00,108.08753,108.87135,108.08753,108.48278
2021-06-15 00:00:00+00:00,108.48278,109.00755,108.48278,108.81820
2021-06-16 00:00:00+00:00,108.81820,109.95945,108.81820,109.63017
2021-06-17 00:00:00+00:00,109.63017,110.04406,109.63017,109.89152
2021-06-18 00:00:00+00:00,109.89152,110.11913,109.71783,109.91848
2021-06-21 00:00:00+00:00,109.91848,110.46247,109.91848,110.30628
2021-06-22 00:00:00+00:00,110.30628,110.91030,110.30628,110.70544
2021-06-23 00:00:00+00:00,110.70544,111.78166,110.70544,111.44463
2021-06-24 00:00:00+00:00,111.44463,112.44198,111.44463,112.02402
2021-06-25 00:00:00+00:00,112.02402,112.63731,112.02402,112.45653
2021-06-28 00:00:00+00:00,112.45653,113.51404,112.45653,113.21671
2021-06-29 00:00:00+00:00,113.21671,113.52750,112.82487,113.17619
2021-06-30 00:00:00+00:00,113.17619,113.73165,112.85729,113.29447
2021-07-01 00:00:00+00:00,113.29447,113.64074,112.99931,113.32002
2021-07-02 00:00:00+00:00,113.32002,113.69950,113.29877,113.49914
2021-07-05 00:00:00+00:00,113.49914,113.70008,113.04785,113.37396
2021-07-06 00:00:00+00:00,113.37396,114.06669,113.37396,113.84339
2021-07-07 00:00:00+00:00,113.84339,114.49395,113.59791,114.04593
2021-07-08 00:00:00+00:00,114.04593,114.11394,113.61316,113.86355
2021-07-09 00:00:00+00:00,113.86355,114.15456,113.45891,113.80673
2021-07-12 00:00:00+00:00,113.80673,114.25911,113.80673,114.13702
2021-07-13 00:00:00+00:00,114.13702,114.86463,114.13702,114.61246
2021-07-14 00:00:00+00:00,114.61246,115.84115,114.61246,115.42271
2021-07-15 00:00:00+00:00,115.42271,116.82455,115.42271,116.49479
2021-07-16 00:00:00+00:00,116.49479,117.07560,116.49479,116.80324
2021-07-19 00:00:00+00:00,116.80324,117.12055,116.23198,116.67626
2021-07-20 00:00:00+00:00,116.67626,116.67626,115.77801,116.19188
2021-07-21 00:00:00+00:00,116.19188,116.64135,116.18346,116.41241
2021-07-22 00:00:00+00:00,116.41241,116.59966,115.98711,116.29338
2021-07-23 00:00:00+00:00,116.29338,116.56514,115.99084,116.27799
2021-07-26 00:00:00+00:00,116.27799,116.52424,115.85114,116.18769
2021-07-27 00:00:00+00:00,116.18769,116.45542,115.98998,116.22270
2021-07-28 00:00:00+00:00,116.22270,116.80552,116.22270,116.60349
2021-07-29 00:00:00+00:00,116.60349,117.13146,116.25905,116.69525
2021-07-30 00:00:00+00:00,116.69525,117.11594,116.23583,116.67589
2021-08-02 00:00:00+00:00,116.67589,116.78777,115.96616,116.37697
2021-08-03 00:00:00+00:00,116.37697,116.37697,115.41401,115.86992
2021-08-04 00:00:00+00:00,115.86992,116.07732,115.32873,115.70302
2021-08-05 00:00:00+00:00,115.70302,116.03059,115.26869,115.64964
2021-08-06 00:00:00+00:00,115.64964,116.50849,115.64964,116.12669
2021-08-09 00:00:00+00:00,116.12669,116.38005,115.81307,116.09656
2021-08-10 00:00:00+00:00,116.09656,116.58210,116.03095,116.30652
2021-08-11 00:00:00+00:00,116.30652,116.30652,115.85683,116.05653
2021-08-12 00:00:00+00:00,116.05653,116.05653,115.24663,115.58581
2021-08-13 00:00:00+00:00,115.58581,115.58581,114.95126,115.16639
2021-08-16 00:00:00+00:00,115.16639,115.16639,114.60109,114.80469
2021-08-17 00:00:00+00:00,114.80469,115.60325,114.80469,115.28531
2021-08-18 00:00:00+00:00,115.28531,115.28531,114.61152,114.86767
2021-08-19 00:00:00+00:00,114.86767,115.12561,114.74481,114.93521
2021-08-20 00:00:00+00:00,114.93521,114.93521,114.07340,114.46810
2021-08-23 00:00:00+00:00,114.46810,114.94996,114.12947,114.53972
2021-08-24 00:00:00+00:00,114.53972,114.60835,114.26433,114.43634
2021-08-25 00:00:00+00:00,114.43634,114.43634,114.04341,114.16014
2021-08-26 00:00:00+00:00,114.16014,114.16014,113.68026,113.90903
2021-08-27 00:00:00+00:00,113.90903,113.90903,113.07983,113.46476
2021-08-30 00:00:00+00:00,113.46476,113.74121,112.94384,113.34253
2021-08-31 00:00:00+00:00,113.34253,113.34253,112.78270,112.94251
2021-09-01 00:00:00+00:00,112.94251,112.94251,111.93142,112.30461
2021-09-02 00:00:00+00:00,112.30461,112.30461,111.49473,111.64513
2021-09-03 00:00:00+00:00,111.64513,111.65751,111.17392,111.41572
2021-09-06 00:00:00+00:00,111.41572,112.04995,111.15805,111.60400
2021-09-07 00:00:00+00:00,111.60400,111.60400,111.18743,111.36313
2021-09-08 00:00:00+00:00,111.36313,111.36313,110.87378,111.03611
2021-09-09 00:00:00+00:00,111.03611,111.08010,110.57729,110.82870
2021-09-10 00:00:00+00:00,110.82870,111.24362,110.60934,110.92648
2021-09-13 00:00:00+00:00,110.92648,111.11879,110.27777,110.69828
2021-09-14 00:00:00+00:00,110.69828,110.71663,109.84707,110.28185
2021-09-15 00:00:00+00:00,110.28185,110.45567,110.18893,110.32230
2021-09-16 00:00:00+00:00,110.32230,110.32230,110.00629,110.16206
2021-09-17 00:00:00+00:00,110.16206,110.70943,109.96526,110.33735
2021-09-20 00:00:00+00:00,110.33735,110.33735,109.91162,110.11113
2021-09-21 00:00:00+00:00,110.11113,110.11113,109.06763,109.46768
2021-09-22 00:00:00+00:00,109.46768,109.46768,108.46171,108.78702
2021-09-23 00:00:00+00:00,108.78702,109.16438,108.78702,109.01878
2021-09-24 00:00:00+00:00,109.01878,109.66204,108.89760,109.27982
2021-09-27 00:00:00+00:00,109.27982,109.27982,108.81149,108.97813
2021-09-28 00:00:00+00:00,108.97813,108.97813,108.37767,108.62430
2021-09-29 00:00:00+00:00,108.62430,109.12264,108.54440,108.83352
2021-09-30 00:00:00+00:00,108.83352,108.83352,108.01159,108.28254
2021-10-01 00:00:00+00:00,108.28254,108.28254,107.47654,107.80627
2021-10-04 00:00:00+00:00,107.80627,108.12193,107.48415,107.80304
2021-10-05 00:00:00+00:00,107.80304,107.92809,107.07321,107.50065
2021-10-06 00:00:00+00:00,107.50065,107.75701,106.89876,107.32789
2021-10-07 00:00:00+00:00,107.32789,107.39402,106.84784,107.12093
2021-10-08 00:00:00+00:00,107.12093,107.21574,106.94042,107.07808
2021-10-11 00:00:00+00:00,107.07808,107.71225,107.02862,107.37043
2021-10-12 00:00:00+00:00,107.37043,107.70400,106.86076,107.28238
2021-10-13 00:00:00+00:00,107.28238,107.58526,107.16543,107.37535
2021-10-14 00:00:00+00:00,107.37535,107.37535,106.42117,106.67544
2021-10-15 00:00:00+00:00,106.67544,106.83403,106.34918,106.59161
2021-10-18 00:00:00+00:00,106.59161,106.59161,106.16263,106.28531
2021-10-19 00:00:00+00:00,106.28531,106.28531,105.56299,105.88242
2021-10-20 00:00:00+00:00,105.88242,105.88242,105.38044,105.59797
2021-10-21 00:00:00+00:00,105.59797,105.84780,105.13838,105.49309
2021-10-22 00:00:00+00:00,105.49309,106.14948,105.40979,105.77964
2021-10-25 00:00:00+00:00,105.77964,105.77964,105.04484,105.40994
2021-10-26 00:00:00+00:00,105.40994,105.70107,105.22649,105.46378
2021-10-27 00:00:00+00:00,105.46378,105.58656,105.17250,105.37953
2021-10-28 00:00:00+00:00,105.37953,105.70051,105.01643,105.35847
2021-10-29 00:00:00+00:00,105.35847,106.11263,105.35847,105.75263
2021-11-01 00:00:00+00:00,105.75263,106.28556,105.75263,106.02328
2021-11-02 00:00:00+00:00,106.02328,106.94136,106.02328,106.54936
2021-11-03 00:00:00+00:00,106.54936,106.79590,106.49053,106.64321
2021-11-04 00:00:00+00:00,106.64321,106.97735,106.20198,106.58967
2021-11-05 00:00:00+00:00,106.58967,106.82984,106.55494,106.69239
2021-11-08 00:00:00+00:00,106.69239,107.10548,106.69239,106.94927
2021-11-09 00:00:00+00:00,106.94927,107.47905,106.92128,107.20017
2021-11-10 00:00:00+00:00,107.20017,107.21485,106.95730,107.08608
2021-11-11 00:00:00+00:00,107.08608,107.46157,107.08608,107.33723
2021-11-12 00:00:00+00:00,107.33723,107.74974,107.33723,107.64193
2021-11-15 00:00:00+00:00,107.64193,108.89588,107.64193,108.64503
2021-11-16 00:00:00+00:00,108.64503,109.83079,108.64503,109.46694
2021-11-17 00:00:00+00:00,109.46694,109.60110,109.35926,109.48018
2021-11-18 00:00:00+00:00,109.48018,109.99712,109.34856,109.67284
2021-11-19 00:00:00+00:00,109.67284,109.90161,109.14167,109.52164
2021-11-22 00:00:00+00:00,109.52164,109.80539,109.47559,109.64049
2021-11-23 00:00:00+00:00,109.64049,110.19721,109.64049,110.03869
2021-11-24 00:00:00+00:00,110.03869,111.10727,110.03869,110.71066
2021-11-25 00:00:00+00:00,110.71066,111.19247,110.42361,110.80804
2021-11-26 00:00:00+00:00,110.80804,111.22328,110.64269,110.93298
2021-11-29 00:00:00+00:00,110.93298,110.99670,110.23178,110.61424
2021-11-30 00:00:00+00:00,110.61424,111.03606,110.61424,110.89430
2021-12-01 00:00:00+00:00,110.89430,111.14918,110.66486,110.90702
2021-12-02 00:00:00+00:00,110.90702,111.43829,110.72439,111.08134
2021-12-03 00:00:00+00:00,111.08134,111.34930,110.95530,111.15230
2021-12-06 00:00:00+00:00,111.15230,111.82105,111.09502,111.45803
2021-12-07 00:00:00+00:00,111.45803,111.54343,110.98432,111.26387
2021-12-08 00:00:00+00:00,111.26387,111.51654,110.79385,111.15519
2021-12-09 00:00:00+00:00,111.15519,112.39126,111.15519,112.12283
2021-12-10 00:00:00+00:00,112.12283,112.29779,111.82630,112.06205
2021-12-13 00:00:00+00:00,112.06205,112.23994,111.86846,112.05420
2021-12-14 00:00:00+00:00,112.05420,113.10489,112.05420,112.92138
2021-12-15 00:00:00+00:00,112.92138,114.47446,112.92138,114.10311
2021-12-16 00:00:00+00:00,114.10311,114.20991,113.90042,114.05517
2021-12-17 00:00:00+00:00,114.05517,114.38446,114.05517,114.24075
2021-12-20 00:00:00+00:00,114.24075,114.80630,114.24075,114.63105
2021-12-21 00:00:00+00:00,114.63105,115.60468,114.63105,115.42853
2021-12-22 00:00:00+00:00,115.42853,115.80205,115.00132,115.40169
2021-12-23 00:00:00+00:00,115.40169,115.84074,115.33319,115.58697
2021-12-24 00:00:00+00:00,115.58697,116.52895,115.58697,116.06802
2021-12-27 00:00:00+00:00,116.06802,116.59905,116.06802,116.43468
2021-12-28 00:00:00+00:00,116.43468,116.89089,116.20080,116.54584
2021-12-29 00:00:00+00:00,116.54584,116.99076,116.44308,116.71692
2021-12-30 00:00:00+00:00,116.71692,116.75621,116.24854,116.50238
2021-12-31 00:00:00+00:00,116.50238,117.03781,116.19229,116.61505
2022-01-03 00:00:00+00:00,116.61505,117.16330,116.24675,116.70502
2022-01-04 00:00:00+00:00,116.70502,117.35303,116.50679,116.92991
2022-01-05 00:00:00+00:00,116.92991,117.08786,116.71917,116.90352
2022-01-06 00:00:00+00:00,116.90352,117.36462,116.90352,117.16984
2022-01-07 00:00:00+00:00,117.16984,117.93188,117.16984,117.58287
2022-01-10 00:00:00+00:00,117.58287,117.94264,117.50301,117.72283
2022-01-11 00:00:00+00:00,117.72283,118.28339,117.52781,117.90560
2022-01-12 00:00:00+00:00,117.90560,118.30101,117.66408,117.98255
2022-01-13 00:00:00+00:00,117.98255,118.34031,117.71412,118.02722
2022-01-14 00:00:00+00:00,118.02722,118.24972,117.42823,117.83897
2022-01-17 00:00:00+00:00,117.83897,118.31506,117.57634,117.94570
2022-01-18 00:00:00+00:00,117.94570,118.03918,117.78455,117.91187
2022-01-19 00:00:00+00:00,117.91187,118.65492,117.91187,118.51882
2022-01-20 00:00:00+00:00,118.51882,119.28720,118.51882,118.95358
2022-01-21 00:00:00+00:00,118.95358,119.30861,118.72339,119.01600
2022-01-24 00:00:00+00:00,119.01600,119.01600,118.50648,118.71787
2022-01-25 00:00:00+00:00,118.71787,118.71787,118.03241,118.29929
2022-01-26 00:00:00+00:00,118.29929,118.94454,118.16830,118.55642
2022-01-27 00:00:00+00:00,118.55642,118.93244,118.10758,118.52001
2022-01-28 00:00:00+00:00,118.52001,118.85227,118.21606,118.53417
2022-01-31 00:00:00+00:00,118.53417,118.53417,117.61253,117.86666
2022-02-01 00:00:00+00:00,117.86666,118.20078,117.77317,117.98697
2022-02-02 00:00:00+00:00,117.98697,118.25471,117.64944,117.95207
2022-02-03 00:00:00+00:00,117.95207,117.95207,117.20661,117.43494
2022-02-04 00:00:00+00:00,117.43494,117.43494,116.78199,117.09725
2022-02-07 00:00:00+00:00,117.09725,117.32292,116.61410,116.96851
2022-02-08 00:00:00+00:00,116.96851,116.96851,116.62548,116.76539
2022-02-09 00:00:00+00:00,116.76539,116.76539,116.33171,116.44853
2022-02-10 00:00:00+00:00,116.44853,116.44853,115.98844,116.17860
2022-02-11 00:00:00+00:00,116.17860,116.28193,115.42842,115.85518
2022-02-14 00:00:00+00:00,115.85518,115.98475,115.30502,115.64489
2022-02-15 00:00:00+00:00,115.64489,115.99839,115.64489,115.82281
2022-02-16 00:00:00+00:00,115.82281,115.82281,114.36126,114.78260
2022-02-17 00:00:00+00:00,114.78260,114.78260,114.15967,114.43544
2022-02-18 00:00:00+00:00,114.43544,114.48453,113.92988,114.20721
2022-02-21 00:00:00+00:00,114.20721,114.44456,113.57657,114.01056
2022-02-22 00:00:00+00:00,114.01056,114.01056,113.47624,113.61012
2022-02-23 00:00:00+00:00,113.61012,113.61012,112.60607,112.79167
2022-02-24 00:00:00+00:00,112.79167,112.90738,112.28645,112.59691
2022-02-25 00:00:00+00:00,112.59691,113.00009,112.59691,112.82110
2022-02-28 00:00:00+00:00,112.82110,112.82110,111.72641,112.06693
2022-03-01 00:00:00+00:00,112.06693,112.21691,111.84893,112.03292
2022-03-02 00:00:00+00:00,112.03292,112.03292,111.49808,111.64293
2022-03-03 00:00:00+00:00,111.64293,111.64293,111.15520,111.33567
2022-03-04 00:00:00+00:00,111.33567,111.33567,110.48319,110.73435
2022-03-07 00:00:00+00:00,110.73435,110.73435,110.18417,110.35283
2022-03-08 00:00:00+00:00,110.35283,110.62184,110.31163,110.46674
2022-03-09 00:00:00+00:00,110.46674,110.76655,109.97610,110.37132
2022-03-10 00:00:00+00:00,110.37132,110.84445,110.37132,110.62749
2022-03-11 00:00:00+00:00,110.62749,110.95522,110.49410,110.72466
2022-03-14 00:00:00+00:00,110.72466,110.73750,110.47960,110.60855
2022-03-15 00:00:00+00:00,110.60855,111.12264,110.60855,110.89285
2022-03-16 00:00:00+00:00,110.89285,110.99415,110.59653,110.79534
2022-03-17 00:00:00+00:00,110.79534,111.13867,110.51108,110.82488
2022-03-18 00:00:00+00:00,110.82488,110.82488,110.34942,110.52805
2022-03-21 00:00:00+00:00,110.52805,110.75623,109.94733,110.35178
2022-03-22 00:00:00+00:00,110.35178,110.37518,109.54192,109.95855
2022-03-23 00:00:00+00:00,109.95855,110.22725,109.94115,110.08420
2022-03-24 00:00:00+00:00,110.08420,110.08420,109.42791,109.57279
2022-03-25 00:00:00+00:00,109.57279,109.81097,109.51576,109.66336
2022-03-28 00:00:00+00:00,109.66336,109.78924,109.16332,109.47628
2022-03-29 00:00:00+00:00,109.47628,109.86228,109.47628,109.71242
2022-03-30 00:00:00+00:00,109.71242,110.22818,109.44676,109.83747
2022-03-31 00:00:00+00:00,109.83747,110.65869,109.83747,110.29881
2022-04-01 00:00:00+00:00,110.29881,110.83092,110.06674,110.44883
2022-04-04 00:00:00+00:00,110.44883,110.44883,109.64048,109.92388
2022-04-05 00:00:00+00:00,109.92388,110.30492,109.42818,109.86655
2022-04-06 00:00:00+00:00,109.86655,109.86655,109.36994,109.49395
2022-04-07 00:00:00+00:00,109.49395,109.57477,109.09287,109.33382
2022-04-08 00:00:00+00:00,109.33382,110.01547,109.33382,109.79896
2022-04-11 00:00:00+00:00,109.79896,110.44157,109.59532,110.01845
2022-04-12 00:00:00+00:00,110.01845,110.15338,109.55345,109.85341
2022-04-13 00:00:00+00:00,109.85341,109.98501,109.23559,109.61030
2022-04-14 00:00:00+00:00,109.61030,109.86313,109.53162,109.69738
2022-04-15 00:00:00+00:00,109.69738,109.85643,108.99505,109.42574
2022-04-18 00:00:00+00:00,109.42574,109.60650,109.06073,109.33362
2022-04-19 00:00:00+00:00,109.33362,109.82388,109.28027,109.55208
2022-04-20 00:00:00+00:00,109.55208,110.46942,109.55208,110.03888
2022-04-21 00:00:00+00:00,110.03888,110.61319,110.03888,110.37674
2022-04-22 00:00:00+00:00,110.37674,110.37674,109.61837,109.85924
2022-04-25 00:00:00+00:00,109.85924,110.43802,109.83134,110.13468
2022-04-26 00:00:00+00:00,110.13468,110.50696,110.13468,110.35421
2022-04-27 00:00:00+00:00,110.35421,110.90692,110.35421,110.68960
2022-04-28 00:00:00+00:00,110.68960,111.57444,110.68960,111.39847
2022-04-29 00:00:00+00:00,111.39847,111.39847,110.87032,111.01573
2022-05-02 00:00:00+00:00,111.01573,111.48599,110.68652,111.08626
2022-05-03 00:00:00+00:00,111.08626,111.83108,111.08626,111.52239
2022-05-04 00:00:00+00:00,111.52239,111.54822,111.08603,111.31712
2022-05-05 00:00:00+00:00,111.31712,112.28818,111.31712,112.03878
2022-05-06 00:00:00+00:00,112.03878,112.69512,112.03878,112.43713
2022-05-09 00:00:00+00:00,112.43713,113.31476,112.43713,112.98716
2022-05-10 00:00:00+00:00,112.98716,113.54702,112.69177,113.11940
2022-05-11 00:00:00+00:00,113.11940,114.10551,113.11940,113.67374
2022-05-12 00:00:00+00:00,113.67374,114.55895,113.67374,114.31039
2022-05-13 00:00:00+00:00,114.31039,114.92944,114.31039,114.70144
2022-05-16 00:00:00+00:00,114.70144,115.36804,114.70144,115.09720
2022-05-17 00:00:00+00:00,115.09720,115.81948,115.09720,115.50717
2022-05-18 00:00:00+00:00,115.50717,115.85531,115.30389,115.57960
2022-05-19 00:00:00+00:00,115.57960,116.21335,115.52364,115.86850
2022-05-20 00:00:00+00:00,115.86850,116.46610,115.84741,116.15676
2022-05-23 00:00:00+00:00,116.15676,116.83459,116.15676,116.60579
2022-05-24 00:00:00+00:00,116.60579,117.47773,116.60579,117.23889
2022-05-25 00:00:00+00:00,117.23889,117.50319,117.00234,117.25277
2022-05-26 00:00:00+00:00,117.25277,117.69505,117.25277,117.54413
2022-05-27 00:00:00+00:00,117.54413,118.49127,117.54413,118.31401
2022-05-30 00:00:00+00:00,118.31401,118.78741,118.03683,118.41212
2022-05-31 00:00:00+00:00,118.41212,118.73834,118.22477,118.48155
2022-06-01 00:00:00+00:00,118.48155,119.04780,118.48155,118.85246
2022-06-02 00:00:00+00:00,118.85246,119.73027,118.85246,119.40929
2022-06-03 00:00:00+00:00,119.40929,120.09982,119.31774,119.70878
2022-06-06 00:00:00+00:00,119.70878,120.60867,119.70878,120.39530
2022-06-07 00:00:00+00:00,120.39530,121.35210,120.39530,120.93122
2022-06-08 00:00:00+00:00,120.93122,121.91237,120.93122,121.45297
2022-06-09 00:00:00+00:00,121.45297,122.21838,121.45297,121.87807
2022-06-10 00:00:00+00:00,121.87807,123.19354,121.87807,122.82422
2022-06-13 00:00:00+00:00,122.82422,123.14130,122.82422,122.99890
2022-06-14 00:00:00+00:00,122.99890,123.09230,122.15141,122.62185
2022-06-15 00:00:00+00:00,122.62185,123.58287,122.62185,123.31436
2022-06-16 00:00:00+00:00,123.31436,123.84030,122.90963,123.37497
2022-06-17 00:00:00+00:00,123.37497,123.92972,123.25320,123.59146
2022-06-20 00:00:00+00:00,123.59146,124.28009,123.59146,124.15421
2022-06-21 00:00:00+00:00,124.15421,124.15421,123.69062,123.82877
2022-06-22 00:00:00+00:00,123.82877,123.96936,123.21760,123.59348
2022-06-23 00:00:00+00:00,123.59348,123.59348,122.90669,123.23796
2022-06-24 00:00:00+00:00,123.23796,123.24184,122.97602,123.10893
2022-06-27 00:00:00+00:00,123.10893,123.73257,122.93574,123.33415
2022-06-28 00:00:00+00:00,123.33415,124.00812,123.12919,123.56865
2022-06-29 00:00:00+00:00,123.56865,124.02049,123.40459,123.71254
2022-06-30 00:00:00+00:00,123.71254,123.71254,123.03769,123.33335
2022-07-01 00:00:00+00:00,123.33335,123.33335,122.54386,122.66855
2022-07-04 00:00:00+00:00,122.66855,123.10888,122.28437,122.69663
2022-07-05 00:00:00+00:00,122.69663,122.79459,122.30631,122.55045
2022-07-06 00:00:00+00:00,122.55045,123.11332,122.22121,122.66726
2022-07-07 00:00:00+00:00,122.66726,123.10093,122.58028,122.84061
2022-07-08 00:00:00+00:00,122.84061,123.15980,122.49770,122.82875
2022-07-11 00:00:00+00:00,122.82875,123.21031,122.76484,122.98757
2022-07-12 00:00:00+00:00,122.98757,123.15369,122.78926,122.97148
2022-07-13 00:00:00+00:00,122.97148,123.43933,122.62125,123.03029
2022-07-14 00:00:00+00:00,123.03029,123.03029,122.39815,122.70365
2022-07-15 00:00:00+00:00,122.70365,122.83959,122.20017,122.51988
2022-07-18 00:00:00+00:00,122.51988,122.91182,121.95775,122.43479
2022-07-19 00:00:00+00:00,122.43479,122.99973,122.04632,122.52302
2022-07-20 00:00:00+00:00,122.52302,122.66967,121.79768,122.23367
2022-07-21 00:00:00+00:00,122.23367,122.39701,122.01503,122.20602
2022-07-22 00:00:00+00:00,122.20602,122.26935,121.59073,121.93004
2022-07-25 00:00:00+00:00,121.93004,122.12918,121.24465,121.68692
2022-07-26 00:00:00+00:00,121.68692,121.97537,121.45846,121.71691
2022-07-27 00:00:00+00:00,121.71691,121.71691,120.73223,120.88978
2022-07-28 00:00:00+00:00,120.88978,120.88978,119.84912,120.26196
2022-07-29 00:00:00+00:00,120.26196,120.26196,119.27709,119.56948
2022-08-01 00:00:00+00:00,119.56948,119.56948,118.29389,118.61333
2022-08-02 00:00:00+00:00,118.61333,118.61333,117.68007,118.14633
2022-08-03 00:00:00+00:00,118.14633,118.43419,117.76771,118.10095
2022-08-04 00:00:00+00:00,118.10095,118.10095,117.47153,117.73938
2022-08-05 00:00:00+00:00,117.73938,117.76548,117.26957,117.51753
2022-08-08 00:00:00+00:00,117.51753,117.82369,117.29400,117.55885
2022-08-09 00:00:00+00:00,117.55885,117.82775,117.50883,117.66829
2022-08-10 00:00:00+00:00,117.66829,117.75328,116.95895,117.35611
2022-08-11 00:00:00+00:00,117.35611,117.88172,117.05635,117.46903
2022-08-12 00:00:00+00:00,117.46903,117.46903,116.98546,117.20266
2022-08-15 00:00:00+00:00,117.20266,117.20266,116.43444,116.65742
2022-08-16 00:00:00+00:00,116.65742,116.65742,115.76500,116.18595
2022-08-17 00:00:00+00:00,116.18595,116.18595,115.32660,115.45035
2022-08-18 00:00:00+00:00,115.45035,115.45035,114.60076,114.89505
2022-08-19 00:00:00+00:00,114.89505,114.89505,114.22842,114.50220
2022-08-22 00:00:00+00:00,114.50220,114.81353,114.11064,114.46208
2022-08-23 00:00:00+00:00,114.46208,114.87314,114.46208,114.70221
2022-08-24 00:00:00+00:00,114.70221,114.70221,113.67472,114.01734
2022-08-25 00:00:00+00:00,114.01734,114.11424,113.62910,113.87167
2022-08-26 00:00:00+00:00,113.87167,113.87167,112.97984,113.30345
2022-08-29 00:00:00+00:00,113.30345,113.32484,113.07121,113.19802
2022-08-30 00:00:00+00:00,113.19802,113.19802,112.65049,112.91982
2022-08-31 00:00:00+00:00,112.91982,112.91982,111.85350,112.14134
2022-09-01 00:00:00+00:00,112.14134,112.38531,112.01662,112.20096
2022-09-02 00:00:00+00:00,112.20096,112.20096,111.65296,111.81161
2022-09-05 00:00:00+00:00,111.81161,111.81161,111.28073,111.45521
2022-09-06 00:00:00+00:00,111.45521,111.45521,110.72478,110.95028
2022-09-07 00:00:00+00:00,110.95028,110.95028,110.44007,110.58277
2022-09-08 00:00:00+00:00,110.58277,110.97795,110.12847,110.55321
2022-09-09 00:00:00+00:00,110.55321,110.59674,110.10788,110.35231
2022-09-12 00:00:00+00:00,110.35231,110.69908,109.94296,110.32102
2022-09-13 00:00:00+00:00,110.32102,110.74715,109.88157,110.31436
2022-09-14 00:00:00+00:00,110.31436,110.74775,110.31436,110.61035
2022-09-15 00:00:00+00:00,110.61035,110.74896,110.09636,110.42266
2022-09-16 00:00:00+00:00,110.42266,110.42266,109.51315,109.91039
2022-09-19 00:00:00+00:00,109.91039,110.49703,109.85741,110.17722
2022-09-20 00:00:00+00:00,110.17722,110.29220,109.78886,110.04053
2022-09-21 00:00:00+00:00,110.04053,110.60698,110.04053,110.35391
2022-09-22 00:00:00+00:00,110.35391,110.58664,110.34191,110.46428
2022-09-23 00:00:00+00:00,110.46428,110.72427,110.14916,110.43671
2022-09-26 00:00:00+00:00,110.43671,111.00970,110.12943,110.56957
2022-09-27 00:00:00+00:00,110.56957,111.63054,110.56957,111.19952
2022-09-28 00:00:00+00:00,111.19952,112.00906,111.19952,111.88361
2022-09-29 00:00:00+00:00,111.88361,112.33076,111.63258,111.98167
2022-09-30 00:00:00+00:00,111.98167,112.33669,111.90943,112.12306
2022-10-03 00:00:00+00:00,112.12306,112.97261,112.12306,112.55515
2022-10-04 00:00:00+00:00,112.55515,112.55515,112.29866,112.42630
2022-10-05 00:00:00+00:00,112.42630,113.09543,112.23744,112.66644
2022-10-06 00:00:00+00:00,112.66644,113.21016,112.41766,112.81391
2022-10-07 00:00:00+00:00,112.81391,113.23091,112.81391,113.07797
2022-10-10 00:00:00+00:00,113.07797,113.14538,112.87879,113.01209
2022-10-11 00:00:00+00:00,113.01209,113.12817,112.33811,112.73314
2022-10-12 00:00:00+00:00,112.73314,112.73314,112.15766,112.32247
2022-10-13 00:00:00+00:00,112.32247,112.50354,111.91899,112.21126
2022-10-14 00:00:00+00:00,112.21126,112.73074,111.88904,112.30989
2022-10-17 00:00:00+00:00,112.30989,112.77372,112.16586,112.46979
2022-10-18 00:00:00+00:00,112.46979,113.55816,112.46979,113.30982
2022-10-19 00:00:00+00:00,113.30982,114.17681,113.30982,113.91083
2022-10-20 00:00:00+00:00,113.91083,114.03655,113.76561,113.90108
2022-10-21 00:00:00+00:00,113.90108,114.73968,113.84676,114.29322
2022-10-24 00:00:00+00:00,114.29322,114.68830,114.24601,114.46716
2022-10-25 00:00:00+00:00,114.46716,114.86521,114.46716,114.68537
2022-10-26 00:00:00+00:00,114.68537,115.26496,114.68537,115.05118
2022-10-27 00:00:00+00:00,115.05118,116.00290,115.05118,115.55304
2022-10-28 00:00:00+00:00,115.55304,115.92097,115.55304,115.77245
2022-10-31 00:00:00+00:00,115.77245,116.83637,115.77245,116.41705
2022-11-01 00:00:00+00:00,116.41705,116.76692,116.03974,116.40333
2022-11-02 00:00:00+00:00,116.40333,117.14408,116.32925,116.73667
2022-11-03 00:00:00+00:00,116.73667,118.31200,116.73667,117.84912
2022-11-04 00:00:00+00:00,117.84912,118.66707,117.83306,118.25006
2022-11-07 00:00:00+00:00,118.25006,119.46989,118.25006,119.01404
2022-11-08 00:00:00+00:00,119.01404,119.53949,119.01404,119.37466
2022-11-09 00:00:00+00:00,119.37466,120.28640,119.37466,119.88032
2022-11-10 00:00:00+00:00,119.88032,120.50910,119.87520,120.19215
2022-11-11 00:00:00+00:00,120.19215,120.78336,120.14959,120.46647
2022-11-14 00:00:00+00:00,120.46647,120.99948,120.10816,120.55382
2022-11-15 00:00:00+00:00,120.55382,121.47277,120.52525,120.99901
2022-11-16 00:00:00+00:00,120.99901,121.43079,120.67674,121.05376
2022-11-17 00:00:00+00:00,121.05376,121.85463,121.05376,121.55696
2022-11-18 00:00:00+00:00,121.55696,122.46807,121.55696,122.17861
2022-11-21 00:00:00+00:00,122.17861,122.84105,122.17861,122.57640
2022-11-22 00:00:00+00:00,122.57640,123.02535,122.51345,122.76940
2022-11-23 00:00:00+00:00,122.76940,123.44265,122.76940,123.17480
2022-11-24 00:00:00+00:00,123.17480,123.49761,123.17480,123.34106
2022-11-25 00:00:00+00:00,123.34106,124.02223,123.34106,123.86958
2022-11-28 00:00:00+00:00,123.86958,123.96902,123.14376,123.55639
2022-11-29 00:00:00+00:00,123.55639,123.96891,123.39052,123.67972
2022-11-30 00:00:00+00:00,123.67972,123.76123,122.82616,123.29370
2022-12-01 00:00:00+00:00,123.29370,123.39213,122.69407,123.04310
2022-12-02 00:00:00+00:00,123.04310,123.77307,123.04310,123.63639
2022-12-05 00:00:00+00:00,123.63639,124.25754,123.63639,124.07483
2022-12-06 00:00:00+00:00,124.07483,124.21481,123.81363,124.01422
2022-12-07 00:00:00+00:00,124.01422,124.18949,123.21787,123.70368
2022-12-08 00:00:00+00:00,123.70368,123.70368,122.73558,122.93918
2022-12-09 00:00:00+00:00,122.93918,123.19837,122.57232,122.88534
2022-12-12 00:00:00+00:00,122.88534,124.17593,122.88534,123.70480
2022-12-13 00:00:00+00:00,123.70480,124.39968,123.42534,123.91251
2022-12-14 00:00:00+00:00,123.91251,124.01723,123.59404,123.80564
2022-12-15 00:00:00+00:00,123.80564,124.13207,123.80564,123.98981
2022-12-16 00:00:00+00:00,123.98981,123.98981,123.36926,123.54974
2022-12-19 00:00:00+00:00,123.54974,123.61925,123.32539,123.47232
2022-12-20 00:00:00+00:00,123.47232,123.69331,123.30173,123.49752
2022-12-21 00:00:00+00:00,123.49752,123.78471,123.11667,123.45069
2022-12-22 00:00:00+00:00,123.45069,124.11281,123.18856,123.65069
2022-12-23 00:00:00+00:00,123.65069,124.02381,123.37769,123.70075
2022-12-26 00:00:00+00:00,123.70075,124.18842,123.47565,123.83203
2022-12-27 00:00:00+00:00,123.83203,123.83203,123.34231,123.54066
2022-12-28 00:00:00+00:00,123.54066,124.13063,123.28897,123.70980
2022-12-29 00:00:00+00:00,123.70980,124.43730,123.70980,124.08325
2022-12-30 00:00:00+00:00,124.08325,124.10656,123.21807,123.66231
2023-01-02 00:00:00+00:00,123.66231,123.72597,122.77779,123.25188
2023-01-03 00:00:00+00:00,123.25188,123.74708,123.24230,123.49469
2023-01-04 00:00:00+00:00,123.49469,123.49469,123.10930,123.26606
2023-01-05 00:00:00+00:00,123.26606,123.71041,123.26606,123.50320
2023-01-06 00:00:00+00:00,123.50320,123.50320,122.88925,123.17421
2023-01-09 00:00:00+00:00,123.17421,123.87638,122.92936,123.40287
2023-01-10 00:00:00+00:00,123.40287,123.48653,122.96038,123.22345
2023-01-11 00:00:00+00:00,123.22345,123.47936,122.66406,123.07171
2023-01-12 00:00:00+00:00,123.07171,123.62548,122.97902,123.30225
2023-01-13 00:00:00+00:00,123.30225,123.30225,122.75551,122.94588
2023-01-16 00:00:00+00:00,122.94588,122.94588,122.16730,122.40749
2023-01-17 00:00:00+00:00,122.40749,122.40749,121.64830,122.00940
2023-01-18 00:00:00+00:00,122.00940,122.24277,121.50700,121.87489
2023-01-19 00:00:00+00:00,121.87489,121.87489,120.84994,121.12905
2023-01-20 00:00:00+00:00,121.12905,121.24317,120.83504,121.03911
2023-01-23 00:00:00+00:00,121.03911,121.03911,120.21027,120.59203
2023-01-24 00:00:00+00:00,120.59203,120.82928,120.46574,120.64751
2023-01-25 00:00:00+00:00,120.64751,120.64751,119.18198,119.63780
2023-01-26 00:00:00+00:00,119.63780,119.63780,118.92242,119.10867
2023-01-27 00:00:00+00:00,119.10867,119.10867,118.15232,118.30872
2023-01-30 00:00:00+00:00,118.30872,118.30872,117.47325,117.76683
2023-01-31 00:00:00+00:00,117.76683,117.84874,117.24721,117.54798
2023-02-01 00:00:00+00:00,117.54798,117.54798,116.90688,117.20277
2023-02-02 00:00:00+00:00,117.20277,117.20277,116.56800,116.83790
2023-02-03 00:00:00+00:00,116.83790,116.96890,116.04049,116.50470
2023-02-06 00:00:00+00:00,116.50470,116.57045,115.99860,116.28452
2023-02-07 00:00:00+00:00,116.28452,116.28452,115.42425,115.70586
2023-02-08 00:00:00+00:00,115.70586,115.90968,115.38572,115.64770
2023-02-09 00:00:00+00:00,115.64770,115.72173,115.44422,115.58298
2023-02-10 00:00:00+00:00,115.58298,115.76323,115.12163,115.44243
2023-02-13 00:00:00+00:00,115.44243,115.55582,115.16730,115.36156
2023-02-14 00:00:00+00:00,115.36156,115.54720,114.87601,115.21161
2023-02-15 00:00:00+00:00,115.21161,115.72614,115.21161,115.59292
2023-02-16 00:00:00+00:00,115.59292,115.80288,114.89298,115.34793
2023-02-17 00:00:00+00:00,115.34793,115.34793,114.77102,115.04795
2023-02-20 00:00:00+00:00,115.04795,115.04866,114.20266,114.62566
2023-02-21 00:00:00+00:00,114.62566,114.62566,113.85501,114.13197
2023-02-22 00:00:00+00:00,114.13197,114.13197,113.45326,113.58741
2023-02-23 00:00:00+00:00,113.58741,113.58741,112.77055,113.16284
2023-02-24 00:00:00+00:00,113.16284,113.33024,112.66478,112.99751
2023-02-27 00:00:00+00:00,112.99751,113.34582,112.59000,112.96791
2023-02-28 00:00:00+00:00,112.96791,113.12587,112.61017,112.86802
2023-03-01 00:00:00+00:00,112.86802,112.86802,112.21024,112.53815
2023-03-02 00:00:00+00:00,112.53815,113.12563,112.32108,112.72335
2023-03-03 00:00:00+00:00,112.72335,113.20253,112.54939,112.87596
2023-03-06 00:00:00+00:00,112.87596,113.00513,112.54433,112.77473
2023-03-07 00:00:00+00:00,112.77473,112.87784,112.20539,112.54161
2023-03-08 00:00:00+00:00,112.54161,113.02495,112.34533,112.68514
2023-03-09 00:00:00+00:00,112.68514,113.17451,112.29927,112.73689
2023-03-10 00:00:00+00:00,112.73689,112.73689,112.07694,112.31423
2023-03-13 00:00:00+00:00,112.31423,112.57762,112.06650,112.32206
2023-03-14 00:00:00+00:00,112.32206,112.83172,112.05891,112.44531
2023-03-15 00:00:00+00:00,112.44531,112.51894,111.95387,112.23640
2023-03-16 00:00:00+00:00,112.23640,112.73128,112.00992,112.37060
2023-03-17 00:00:00+00:00,112.37060,112.37060,111.76096,112.02749
2023-03-20 00:00:00+00:00,112.02749,112.72285,112.02749,112.53756
2023-03-21 00:00:00+00:00,112.53756,113.40254,112.53756,113.03680
2023-03-22 00:00:00+00:00,113.03680,113.25886,112.94365,113.10125
2023-03-23 00:00:00+00:00,113.10125,113.54643,113.10125,113.36552
2023-03-24 00:00:00+00:00,113.36552,113.36552,112.48748,112.81243
2023-03-27 00:00:00+00:00,112.81243,113.01485,112.28447,112.64966
2023-03-28 00:00:00+00:00,112.64966,113.17486,112.34403,112.75945
2023-03-29 00:00:00+00:00,112.75945,112.85380,112.44426,112.64903
2023-03-30 00:00:00+00:00,112.64903,113.23801,112.64903,113.08736
2023-03-31 00:00:00+00:00,113.08736,114.36344,113.08736,113.92278
2023-04-03 00:00:00+00:00,113.92278,113.98419,113.65110,113.81765
2023-04-04 00:00:00+00:00,113.81765,114.00659,113.64395,113.82527
2023-04-05 00:00:00+00:00,113.82527,114.37906,113.82527,114.16512
2023-04-06 00:00:00+00:00,114.16512,115.22478,114.16512,114.92733
2023-04-07 00:00:00+00:00,114.92733,115.26747,114.42943,114.84845
2023-04-10 00:00:00+00:00,114.84845,115.59733,114.84111,115.21922
2023-04-11 00:00:00+00:00,115.21922,116.43179,115.21922,116.06913
2023-04-12 00:00:00+00:00,116.06913,116.06913,115.70703,115.88382
2023-04-13 00:00:00+00:00,115.88382,116.05569,115.57551,115.81560
2023-04-14 00:00:00+00:00,115.81560,116.29221,115.72720,116.00971
2023-04-17 00:00:00+00:00,116.00971,116.34654,116.00971,116.17897
2023-04-18 00:00:00+00:00,116.17897,116.96414,116.17897,116.75162
2023-04-19 00:00:00+00:00,116.75162,117.38108,116.75162,117.15555
2023-04-20 00:00:00+00:00,117.15555,117.15555,116.79460,116.95622
2023-04-21 00:00:00+00:00,116.95622,117.75617,116.95622,117.44486
2023-04-24 00:00:00+00:00,117.44486,117.97196,117.23926,117.60561
2023-04-25 00:00:00+00:00,117.60561,118.46424,117.60561,118.32110
2023-04-26 00:00:00+00:00,118.32110,118.75371,118.17481,118.46426
2023-04-27 00:00:00+00:00,118.46426,118.99906,118.20522,118.60214
2023-04-28 00:00:00+00:00,118.60214,119.47625,118.60214,119.08992
2023-05-01 00:00:00+00:00,119.08992,120.05217,119.08992,119.63999
2023-05-02 00:00:00+00:00,119.63999,120.37210,119.63999,120.09052
2023-05-03 00:00:00+00:00,120.09052,120.31009,119.48002,119.89506
2023-05-04 00:00:00+00:00,119.89506,120.56728,119.89506,120.35999
2023-05-05 00:00:00+00:00,120.35999,120.59637,120.09514,120.34575
2023-05-08 00:00:00+00:00,120.34575,120.88874,120.34575,120.70417
2023-05-09 00:00:00+00:00,120.70417,120.84556,120.26630,120.55593
2023-05-10 00:00:00+00:00,120.55593,121.22226,120.55593,120.95904
2023-05-11 00:00:00+00:00,120.95904,121.18433,120.76750,120.97592
2023-05-12 00:00:00+00:00,120.97592,121.23236,120.44561,120.83898
2023-05-15 00:00:00+00:00,120.83898,121.52485,120.83898,121.28936
2023-05-16 00:00:00+00:00,121.28936,121.80695,121.28936,121.58586
2023-05-17 00:00:00+00:00,121.58586,121.78226,121.44352,121.61289
2023-05-18 00:00:00+00:00,121.61289,122.52935,121.61289,122.24617
2023-05-19 00:00:00+00:00,122.24617,122.53155,122.06465,122.29810
2023-05-22 00:00:00+00:00,122.29810,122.73578,122.21946,122.47762
2023-05-23 00:00:00+00:00,122.47762,122.92312,122.47762,122.71353
2023-05-24 00:00:00+00:00,122.71353,123.07135,122.26432,122.66784
2023-05-25 00:00:00+00:00,122.66784,123.39996,122.46811,122.93403
2023-05-26 00:00:00+00:00,122.93403,123.18966,122.57677,122.88321
2023-05-29 00:00:00+00:00,122.88321,123.21289,122.49322,122.85305
2023-05-30 00:00:00+00:00,122.85305,123.78330,122.85305,123.33909
2023-05-31 00:00:00+00:00,123.33909,123.57984,122.59600,123.08792
2023-06-01 00:00:00+00:00,123.08792,123.08792,122.06102,122.40873
2023-06-02 00:00:00+00:00,122.40873,123.37127,122.40873,122.92023
2023-06-05 00:00:00+00:00,122.92023,124.15768,122.92023,123.69681
2023-06-06 00:00:00+00:00,123.69681,123.98755,123.15361,123.57058
2023-06-07 00:00:00+00:00,123.57058,123.57058,122.67552,122.96853
2023-06-08 00:00:00+00:00,122.96853,122.99088,122.68539,122.83814
2023-06-09 00:00:00+00:00,122.83814,122.83814,122.57042,122.69894
2023-06-12 00:00:00+00:00,122.69894,122.87080,122.27470,122.57275
2023-06-13 00:00:00+00:00,122.57275,122.57275,121.85057,122.15387
2023-06-14 00:00:00+00:00,122.15387,122.49913,121.95593,122.22753
2023-06-15 00:00:00+00:00,122.22753,122.60033,121.93897,122.26965
2023-06-16 00:00:00+00:00,122.26965,122.26965,121.36817,121.69144
2023-06-19 00:00:00+00:00,121.69144,122.18442,121.32973,121.75707
2023-06-20 00:00:00+00:00,121.75707,122.37701,121.75707,122.21496
2023-06-21 00:00:00+00:00,122.21496,122.29989,121.89074,122.09532
2023-06-22 00:00:00+00:00,122.09532,122.22171,121.39852,121.81011
2023-06-23 00:00:00+00:00,121.81011,122.00207,121.14050,121.57129
2023-06-26 00:00:00+00:00,121.57129,122.03231,121.06370,121.54801
2023-06-27 00:00:00+00:00,121.54801,121.54801,120.37276,120.80994
2023-06-28 00:00:00+00:00,120.80994,121.07273,120.18737,120.63005
2023-06-29 00:00:00+00:00,120.63005,120.63005,120.04034,120.27403
2023-06-30 00:00:00+00:00,120.27403,120.84642,120.27403,120.58055
2023-07-03 00:00:00+00:00,120.58055,120.58055,120.05524,120.27224
2023-07-04 00:00:00+00:00,120.27224,120.84878,120.16938,120.50908
2023-07-05 00:00:00+00:00,120.50908,120.50908,119.45013,119.90775
2023-07-06 00:00:00+00:00,119.90775,120.05150,119.56414,119.80782
2023-07-07 00:00:00+00:00,119.80782,119.94196,119.30294,119.62245
2023-07-10 00:00:00+00:00,119.62245,119.62245,118.85137,119.07629
2023-07-11 00:00:00+00:00,119.07629,119.07629,118.66127,118.84065
2023-07-12 00:00:00+00:00,118.84065,119.10151,118.72442,118.91297
2023-07-13 00:00:00+00:00,118.91297,118.91297,118.38355,118.52267
2023-07-14 00:00:00+00:00,118.52267,118.52267,117.26809,117.72107
2023-07-17 00:00:00+00:00,117.72107,117.72107,117.16244,117.42179
2023-07-18 00:00:00+00:00,117.42179,117.42179,116.44862,116.85790
2023-07-19 00:00:00+00:00,116.85790,116.85790,116.10925,116.46377
2023-07-20 00:00:00+00:00,116.46377,116.46377,115.96740,116.15043
2023-07-21 00:00:00+00:00,116.15043,116.15043,115.17721,115.35329
2023-07-24 00:00:00+00:00,115.35329,115.35329,114.19368,114.58740
2023-07-25 00:00:00+00:00,114.58740,114.66126,114.25057,114.45592
2023-07-26 00:00:00+00:00,114.45592,114.45592,113.60244,114.02889
2023-07-27 00:00:00+00:00,114.02889,114.02889,112.83547,112.99594
2023-07-28 00:00:00+00:00,112.99594,113.31801,112.63267,112.97534
2023-07-31 00:00:00+00:00,112.97534,113.19766,112.42076,112.80921
2023-08-01 00:00:00+00:00,112.80921,112.80921,112.16452,112.35617
2023-08-02 00:00:00+00:00,112.35617,112.35617,111.52760,111.73191
2023-08-03 00:00:00+00:00,111.73191,112.19895,111.32864,111.76380
2023-08-04 00:00:00+00:00,111.76380,111.86104,111.46045,111.66074
2023-08-07 00:00:00+00:00,111.66074,112.43617,111.66074,112.17930
2023-08-08 00:00:00+00:00,112.17930,112.37895,111.86374,112.12135
2023-08-09 00:00:00+00:00,112.12135,112.26357,111.86929,112.06643
2023-08-10 00:00:00+00:00,112.06643,112.23063,111.48624,111.85843
2023-08-11 00:00:00+00:00,111.85843,112.33054,111.58813,111.95933
2023-08-14 00:00:00+00:00,111.95933,112.25612,111.77782,112.01697
2023-08-15 00:00:00+00:00,112.01697,112.67083,111.88368,112.27726
2023-08-16 00:00:00+00:00,112.27726,112.27726,111.83702,112.02065
2023-08-17 00:00:00+00:00,112.02065,112.02065,111.69192,111.80517
2023-08-18 00:00:00+00:00,111.80517,111.89503,111.28942,111.59222
2023-08-21 00:00:00+00:00,111.59222,112.22125,111.33102,111.77613
2023-08-22 00:00:00+00:00,111.77613,112.31360,111.77613,112.18840
2023-08-23 00:00:00+00:00,112.18840,112.21168,111.84781,112.02975
2023-08-24 00:00:00+00:00,112.02975,112.18376,111.61158,111.89767
2023-08-25 00:00:00+00:00,111.89767,112.38782,111.61952,112.00367
2023-08-28 00:00:00+00:00,112.00367,112.10003,111.81630,111.95817
2023-08-29 00:00:00+00:00,111.95817,112.53386,111.95817,112.28843
2023-08-30 00:00:00+00:00,112.28843,112.28843,111.31194,111.67390
2023-08-31 00:00:00+00:00,111.67390,111.73892,111.26734,111.50313
2023-09-01 00:00:00+00:00,111.50313,111.53618,111.18729,111.36173
2023-09-04 00:00:00+00:00,111.36173,111.36173,110.59910,110.77484
2023-09-05 00:00:00+00:00,110.77484,110.85729,110.36393,110.61061
2023-09-06 00:00:00+00:00,110.61061,110.74564,110.20690,110.47627
2023-09-07 00:00:00+00:00,110.47627,110.96762,110.17473,110.57117
2023-09-08 00:00:00+00:00,110.57117,111.40004,110.57117,111.07495
2023-09-11 00:00:00+00:00,111.07495,111.52703,110.84409,111.18556
2023-09-12 00:00:00+00:00,111.18556,111.51287,110.63561,111.07424
2023-09-13 00:00:00+00:00,111.07424,111.51712,111.01963,111.26838
2023-09-14 00:00:00+00:00,111.26838,112.05424,111.26838,111.80714
2023-09-15 00:00:00+00:00,111.80714,112.17188,111.32927,111.75058
2023-09-18 00:00:00+00:00,111.75058,111.91940,111.53113,111.72526
2023-09-19 00:00:00+00:00,111.72526,112.50939,111.72526,112.15169
2023-09-20 00:00:00+00:00,112.15169,112.72113,111.98774,112.35444
2023-09-21 00:00:00+00:00,112.35444,112.97349,112.35444,112.82756
2023-09-22 00:00:00+00:00,112.82756,113.38330,112.82756,113.11130
2023-09-25 00:00:00+00:00,113.11130,113.79984,113.11130,113.61786
2023-09-26 00:00:00+00:00,113.61786,113.78765,113.43406,113.61086
2023-09-27 00:00:00+00:00,113.61086,114.18988,113.61086,113.91744
2023-09-28 00:00:00+00:00,113.91744,114.38365,113.91744,114.17034
2023-09-29 00:00:00+00:00,114.17034,114.51344,113.74008,114.12676
2023-10-02 00:00:00+00:00,114.12676,114.40750,113.55883,113.98316
2023-10-03 00:00:00+00:00,113.98316,114.90805,113.98316,114.51775
2023-10-04 00:00:00+00:00,114.51775,114.95022,114.51775,114.74390
2023-10-05 00:00:00+00:00,114.74390,114.97953,114.56121,114.77037
2023-10-06 00:00:00+00:00,114.77037,115.27855,114.77037,115.07553
2023-10-09 00:00:00+00:00,115.07553,115.91060,115.07553,115.74796
2023-10-10 00:00:00+00:00,115.74796,115.83902,114.95476,115.39689
2023-10-11 00:00:00+00:00,115.39689,115.53366,115.02501,115.27933
2023-10-12 00:00:00+00:00,115.27933,115.52440,115.13826,115.33133
2023-10-13 00:00:00+00:00,115.33133,116.50611,115.33133,116.09513
2023-10-16 00:00:00+00:00,116.09513,116.75711,116.09513,116.50109
2023-10-17 00:00:00+00:00,116.50109,117.17677,116.50109,117.04739
2023-10-18 00:00:00+00:00,117.04739,117.18942,116.84169,117.01556
2023-10-19 00:00:00+00:00,117.01556,117.32455,116.64189,116.98322
2023-10-20 00:00:00+00:00,116.98322,117.80681,116.98322,117.41362
2023-10-23 00:00:00+00:00,117.41362,117.91115,117.41362,117.71894
2023-10-24 00:00:00+00:00,117.71894,118.60580,117.71894,118.16244
2023-10-25 00:00:00+00:00,118.16244,118.79593,117.95476,118.37535
2023-10-26 00:00:00+00:00,118.37535,119.13852,118.29678,118.71765
2023-10-27 00:00:00+00:00,118.71765,119.21324,118.71765,119.01294
2023-10-30 00:00:00+00:00,119.01294,119.62010,119.01294,119.48250
2023-10-31 00:00:00+00:00,119.48250,120.38070,119.48250,119.94861
2023-11-01 00:00:00+00:00,119.94861,119.94861,119.44441,119.67388
2023-11-02 00:00:00+00:00,119.67388,119.67388,118.85710,119.19762
2023-11-03 00:00:00+00:00,119.19762,120.07482,119.19762,119.68227
2023-11-06 00:00:00+00:00,119.68227,120.37495,119.68227,120.20847
2023-11-07 00:00:00+00:00,120.20847,120.45881,119.65623,120.05752
2023-11-08 00:00:00+00:00,120.05752,120.09627,119.18329,119.63978
2023-11-09 00:00:00+00:00,119.63978,120.17591,119.41279,119.79435
2023-11-10 00:00:00+00:00,119.79435,120.46208,119.79435,120.18281
2023-11-13 00:00:00+00:00,120.18281,121.25399,120.18281,120.81542
2023-11-14 00:00:00+00:00,120.81542,121.36015,120.73497,121.04756
2023-11-15 00:00:00+00:00,121.04756,121.38839,120.60570,120.99704
2023-11-16 00:00:00+00:00,120.99704,121.19181,120.35569,120.77375
2023-11-17 00:00:00+00:00,120.77375,121.19779,120.41303,120.80541
2023-11-20 00:00:00+00:00,120.80541,120.95239,120.50242,120.72741
2023-11-21 00:00:00+00:00,120.72741,120.72741,120.25525,120.41824
2023-11-22 00:00:00+00:00,120.41824,121.21940,120.41824,121.01187
2023-11-23 00:00:00+00:00,121.01187,121.81499,121.01187,121.51017
2023-11-24 00:00:00+00:00,121.51017,122.10408,121.49123,121.79766
2023-11-27 00:00:00+00:00,121.79766,121.79766,121.11844,121.45218
2023-11-28 00:00:00+00:00,121.45218,121.88962,121.35805,121.62383
2023-11-29 00:00:00+00:00,121.62383,122.12456,121.30647,121.71551
2023-11-30 00:00:00+00:00,121.71551,122.18826,121.27783,121.73304
2023-12-01 00:00:00+00:00,121.73304,122.19032,121.73304,121.97805
2023-12-04 00:00:00+00:00,121.97805,122.41618,121.63289,122.02454
2023-12-05 00:00:00+00:00,122.02454,122.45903,121.71821,122.08862
2023-12-06 00:00:00+00:00,122.08862,122.42220,121.79474,122.10847
2023-12-07 00:00:00+00:00,122.10847,122.21774,121.83565,122.02670
2023-12-08 00:00:00+00:00,122.02670,122.02670,120.88471,121.29538
2023-12-11 00:00:00+00:00,121.29538,121.58276,120.64247,121.11261
2023-12-12 00:00:00+00:00,121.11261,121.11261,120.34473,120.72689
2023-12-13 00:00:00+00:00,120.72689,120.72689,119.66288,120.11373
2023-12-14 00:00:00+00:00,120.11373,120.85521,119.90359,120.37940
2023-12-15 00:00:00+00:00,120.37940,120.89834,120.37940,120.65026
2023-12-18 00:00:00+00:00,120.65026,121.15407,120.44987,120.80197
2023-12-19 00:00:00+00:00,120.80197,120.90712,120.32291,120.61501
2023-12-20 00:00:00+00:00,120.61501,121.22815,120.27183,120.74999
2023-12-21 00:00:00+00:00,120.74999,120.74999,120.32312,120.47750
2023-12-22 00:00:00+00:00,120.47750,120.52618,119.98812,120.25715
2023-12-25 00:00:00+00:00,120.25715,120.25715,119.20976,119.64367
2023-12-26 00:00:00+00:00,119.64367,119.69518,119.25262,119.47390
2023-12-27 00:00:00+00:00,119.47390,119.60150,118.79966,119.20058
2023-12-28 00:00:00+00:00,119.20058,119.20058,118.26201,118.51663
2023-12-29 00:00:00+00:00,118.51663,118.67298,117.74152,118.20725
2024-01-01 00:00:00+00:00,118.20725,118.31968,117.45895,117.88932
2024-01-02 00:00:00+00:00,117.88932,118.36036,117.88932,118.13543
2024-01-03 00:00:00+00:00,118.13543,118.50328,117.72124,118.11226
2024-01-04 00:00:00+00:00,118.11226,118.11226,117.58993,117.82683
2024-01-05 00:00:00+00:00,117.82683,117.94759,117.28445,117.61602
2024-01-08 00:00:00+00:00,117.61602,117.69726,116.99894,117.34810
2024-01-09 00:00:00+00:00,117.34810,117.41935,116.60289,117.01112
2024-01-10 00:00:00+00:00,117.01112,117.01112,116.29122,116.41618
2024-01-11 00:00:00+00:00,116.41618,116.41618,115.91455,116.10734
2024-01-12 00:00:00+00:00,116.10734,116.10734,115.26487,115.62745
2024-01-15 00:00:00+00:00,115.62745,115.62745,114.69510,115.00452
2024-01-16 00:00:00+00:00,115.00452,115.20480,114.63323,114.91901
2024-01-17 00:00:00+00:00,114.91901,114.94100,114.67336,114.80718
2024-01-18 00:00:00+00:00,114.80718,114.80718,113.81909,114.05231
2024-01-19 00:00:00+00:00,114.05231,114.21682,113.39847,113.80765
2024-01-22 00:00:00+00:00,113.80765,114.03460,113.78566,113.91013
2024-01-23 00:00:00+00:00,113.91013,114.29357,113.79421,114.04389
2024-01-24 00:00:00+00:00,114.04389,114.61835,113.74248,114.18041
2024-01-25 00:00:00+00:00,114.18041,114.18041,113.90273,114.03417
2024-01-26 00:00:00+00:00,114.03417,114.03417,113.26730,113.63652
2024-01-29 00:00:00+00:00,113.63652,113.63652,112.98087,113.18153
2024-01-30 00:00:00+00:00,113.18153,113.57707,112.76228,113.16967
2024-01-31 00:00:00+00:00,113.16967,113.54976,112.81674,113.18325
2024-02-01 00:00:00+00:00,113.18325,113.89962,113.06957,113.48459
2024-02-02 00:00:00+00:00,113.48459,113.93280,113.48459,113.74537
2024-02-05 00:00:00+00:00,113.74537,113.94717,113.35757,113.65237
2024-02-06 00:00:00+00:00,113.65237,113.65237,112.86388,113.24186
2024-02-07 00:00:00+00:00,113.24186,113.32164,112.92862,113.12513
2024-02-08 00:00:00+00:00,113.12513,113.37719,112.99412,113.18565
2024-02-09 00:00:00+00:00,113.18565,113.25917,113.01444,113.13681
2024-02-12 00:00:00+00:00,113.13681,113.42957,112.55376,112.99166
2024-02-13 00:00:00+00:00,112.99166,113.46622,112.75813,113.11217
2024-02-14 00:00:00+00:00,113.11217,113.35051,112.69347,113.02199
2024-02-15 00:00:00+00:00,113.02199,113.27574,112.54589,112.91081
2024-02-16 00:00:00+00:00,112.91081,113.39105,112.80411,113.09758
2024-02-19 00:00:00+00:00,113.09758,113.36081,112.81158,113.08620
2024-02-20 00:00:00+00:00,113.08620,113.55034,113.01822,113.28428
2024-02-21 00:00:00+00:00,113.28428,113.83804,113.17487,113.50645
2024-02-22 00:00:00+00:00,113.50645,113.50645,113.13803,113.31986
2024-02-23 00:00:00+00:00,113.31986,113.76069,112.93006,113.34537
2024-02-26 00:00:00+00:00,113.34537,114.35232,113.34537,113.96084
2024-02-27 00:00:00+00:00,113.96084,114.04330,113.57697,113.81013
2024-02-28 00:00:00+00:00,113.81013,113.81013,113.07616,113.38636
2024-02-29 00:00:00+00:00,113.38636,113.38636,112.89093,113.05182
2024-03-01 00:00:00+00:00,113.05182,113.74057,112.85299,113.29678
2024-03-04 00:00:00+00:00,113.29678,113.97505,113.13278,113.55391
2024-03-05 00:00:00+00:00,113.55391,114.20594,113.34904,113.77749
2024-03-06 00:00:00+00:00,113.77749,114.63938,113.77749,114.41096
2024-03-07 00:00:00+00:00,114.41096,114.41096,113.71631,113.88798
2024-03-08 00:00:00+00:00,113.88798,114.48151,113.88798,114.29460
2024-03-11 00:00:00+00:00,114.29460,115.20521,114.29460,115.05909
2024-03-12 00:00:00+00:00,115.05909,115.18075,114.86780,115.02427
2024-03-13 00:00:00+00:00,115.02427,115.36041,115.02427,115.22055
2024-03-14 00:00:00+00:00,115.22055,115.76851,114.85306,115.31078
2024-03-15 00:00:00+00:00,115.31078,115.50466,115.22267,115.36367
2024-03-18 00:00:00+00:00,115.36367,115.75279,115.36367,115.59123
2024-03-19 00:00:00+00:00,115.59123,116.75344,115.59123,116.34834
2024-03-20 00:00:00+00:00,116.34834,117.55229,116.34834,117.23099
2024-03-21 00:00:00+00:00,117.23099,117.85373,117.07301,117.46337
2024-03-22 00:00:00+00:00,117.46337,118.71131,117.46337,118.36890
2024-03-25 00:00:00+00:00,118.36890,119.14648,118.28070,118.71359
2024-03-26 00:00:00+00:00,118.71359,119.92145,118.71359,119.57285
2024-03-27 00:00:00+00:00,119.57285,120.18395,119.56865,119.87630
2024-03-28 00:00:00+00:00,119.87630,120.62184,119.86712,120.24448
2024-03-29 00:00:00+00:00,120.24448,120.96222,120.24448,120.67957
2024-04-01 00:00:00+00:00,120.67957,122.20298,120.67957,121.95441
2024-04-02 00:00:00+00:00,121.95441,122.82032,121.95441,122.52590
2024-04-03 00:00:00+00:00,122.52590,122.80899,122.43888,122.62393
2024-04-04 00:00:00+00:00,122.62393,123.63583,122.62393,123.21816
2024-04-05 00:00:00+00:00,123.21816,123.62559,123.18574,123.40566
2024-04-08 00:00:00+00:00,123.40566,123.72702,123.36612,123.54657
2024-04-09 00:00:00+00:00,123.54657,124.31384,123.54657,124.09803
2024-04-10 00:00:00+00:00,124.09803,124.81514,123.93799,124.37657
2024-04-11 00:00:00+00:00,124.37657,124.96727,124.37657,124.71900
2024-04-12 00:00:00+00:00,124.71900,125.35323,124.58887,124.97105
2024-04-15 00:00:00+00:00,124.97105,125.75551,124.86100,125.30826
2024-04-16 00:00:00+00:00,125.30826,125.81472,125.30826,125.65975
2024-04-17 00:00:00+00:00,125.65975,125.70273,124.87705,125.28989
2024-04-18 00:00:00+00:00,125.28989,125.92948,125.28989,125.68778
2024-04-19 00:00:00+00:00,125.68778,125.78449,125.37012,125.57731
2024-04-22 00:00:00+00:00,125.57731,125.69880,124.93020,125.31450
2024-04-23 00:00:00+00:00,125.31450,125.92007,124.98435,125.45221
2024-04-24 00:00:00+00:00,125.45221,125.85441,125.38082,125.61762
2024-04-25 00:00:00+00:00,125.61762,125.87418,125.19466,125.53442
2024-04-26 00:00:00+00:00,125.53442,126.12830,125.53442,125.89295
2024-04-29 00:00:00+00:00,125.89295,125.91804,125.24921,125.58362
2024-04-30 00:00:00+00:00,125.58362,125.89853,125.17904,125.53879
2024-05-01 00:00:00+00:00,125.53879,125.77940,125.06925,125.42433
2024-05-02 00:00:00+00:00,125.42433,125.81513,125.09486,125.45499
2024-05-03 00:00:00+00:00,125.45499,125.74333,125.39043,125.56688
2024-05-06 00:00:00+00:00,125.56688,125.66222,124.89036,125.27629
2024-05-07 00:00:00+00:00,125.27629,125.86844,125.10942,125.48893
2024-05-08 00:00:00+00:00,125.48893,125.86928,125.10437,125.48682
2024-05-09 00:00:00+00:00,125.48682,125.48682,124.72936,124.88200
2024-05-10 00:00:00+00:00,124.88200,124.88200,123.95030,124.24109
2024-05-13 00:00:00+00:00,124.24109,124.44471,123.89164,124.16818
2024-05-14 00:00:00+00:00,124.16818,124.17331,123.86075,124.01703
2024-05-15 00:00:00+00:00,124.01703,124.09232,123.67926,123.88579
2024-05-16 00:00:00+00:00,123.88579,124.04965,123.47468,123.76217
2024-05-17 00:00:00+00:00,123.76217,124.09934,123.30055,123.69995
2024-05-20 00:00:00+00:00,123.69995,124.05203,123.62820,123.84011
2024-05-21 00:00:00+00:00,123.84011,123.84011,122.91846,123.34886
2024-05-22 00:00:00+00:00,123.34886,123.34886,122.50210,122.82604
2024-05-23 00:00:00+00:00,122.82604,122.82604,121.91269,122.31404
2024-05-24 00:00:00+00:00,122.31404,122.49993,121.90904,122.20449
2024-05-27 00:00:00+00:00,122.20449,122.67574,122.06448,122.37011
2024-05-28 00:00:00+00:00,122.37011,122.37073,121.67297,122.02185
2024-05-29 00:00:00+00:00,122.02185,122.02185,120.58412,121.04213
2024-05-30 00:00:00+00:00,121.04213,121.04213,119.99428,120.29205
2024-05-31 00:00:00+00:00,120.29205,120.29205,119.48452,119.79431
2024-06-03 00:00:00+00:00,119.79431,119.79431,119.03598,119.37093
2024-06-04 00:00:00+00:00,119.37093,119.37093,118.60265,118.98489
2024-06-05 00:00:00+00:00,118.98489,118.98489,118.58194,118.72625
2024-06-06 00:00:00+00:00,118.72625,118.72625,118.05516,118.35663
2024-06-07 00:00:00+00:00,118.35663,118.67968,118.10080,118.39024
2024-06-10 00:00:00+00:00,118.39024,118.39024,117.45808,117.90199
2024-06-11 00:00:00+00:00,117.90199,117.90199,117.06333,117.35443
2024-06-12 00:00:00+00:00,117.35443,117.48854,116.92478,117.20666
2024-06-13 00:00:00+00:00,117.20666,117.20666,116.00020,116.45281
